{"cameraMode":{"drawMode":0,"name":"Shaded","section":"Shading Mode"},"sceneLighting":true,"audioPlay":false,"sceneViewState":{"showFog":true,"showMaterialUpdate":false,"showSkybox":true,"showFlares":true,"showImageEffects":true,"showParticleSystems":true},"in2DMode":false,"pivot":{"x":209.64846801757813,"y":131.74830627441407,"z":9.028427124023438},"rotation":{"x":0.03089509904384613,"y":-0.002088876673951745,"z":0.00006249439320527017,"w":0.9995381832122803},"size":386.6722412109375,"orthographic":false}